[{"model": "admin.logentry", "pk": 1, "fields": {"action_time": "2024-07-01T03:05:22.324Z", "user": 1, "content_type": 8, "object_id": "2", "object_repr": "christabel.anchia@ucr.ac.cr", "action_flag": 1, "change_message": "[{\"added\": {}}]"}}, {"model": "admin.logentry", "pk": 2, "fields": {"action_time": "2024-07-01T03:06:31.695Z", "user": 1, "content_type": 8, "object_id": "3", "object_repr": "maria.salas@ucr.ac.cr", "action_flag": 1, "change_message": "[{\"added\": {}}]"}}, {"model": "admin.logentry", "pk": 3, "fields": {"action_time": "2024-07-01T03:08:10.139Z", "user": 1, "content_type": 8, "object_id": "4", "object_repr": "sofia.villalobos@ucr.ac.cr", "action_flag": 1, "change_message": "[{\"added\": {}}]"}}, {"model": "admin.logentry", "pk": 4, "fields": {"action_time": "2024-07-01T03:09:18.411Z", "user": 1, "content_type": 8, "object_id": "5", "object_repr": "johan.molina@ucr.ac.cr", "action_flag": 1, "change_message": "[{\"added\": {}}]"}}, {"model": "admin.logentry", "pk": 5, "fields": {"action_time": "2024-07-01T03:10:20.209Z", "user": 1, "content_type": 8, "object_id": "6", "object_repr": "juan.mora@ucr.ac.cr", "action_flag": 1, "change_message": "[{\"added\": {}}]"}}, {"model": "admin.logentry", "pk": 6, "fields": {"action_time": "2024-07-01T03:11:26.611Z", "user": 1, "content_type": 8, "object_id": "7", "object_repr": "marco.villalta@ucr.ac.cr", "action_flag": 1, "change_message": "[{\"added\": {}}]"}}, {"model": "admin.logentry", "pk": 7, "fields": {"action_time": "2024-07-01T03:12:24.359Z", "user": 1, "content_type": 8, "object_id": "1", "object_repr": "jose.barquero@ucr.ac.cr", "action_flag": 2, "change_message": "[{\"changed\": {\"fields\": [\"Email\", \"Username\"]}}]"}}, {"model": "admin.logentry", "pk": 8, "fields": {"action_time": "2024-07-01T03:14:39.647Z", "user": 1, "content_type": 8, "object_id": "2", "object_repr": "christabel.anchia@ucr.ac.cr", "action_flag": 2, "change_message": "[{\"changed\": {\"fields\": [\"Password\"]}}]"}}, {"model": "admin.logentry", "pk": 9, "fields": {"action_time": "2024-07-01T03:16:10.403Z", "user": 1, "content_type": 8, "object_id": "7", "object_repr": "marco.villalta@ucr.ac.cr", "action_flag": 2, "change_message": "[{\"changed\": {\"fields\": [\"Password\"]}}]"}}, {"model": "admin.logentry", "pk": 10, "fields": {"action_time": "2024-07-01T03:16:19.195Z", "user": 1, "content_type": 8, "object_id": "6", "object_repr": "juan.mora@ucr.ac.cr", "action_flag": 2, "change_message": "[{\"changed\": {\"fields\": [\"Password\"]}}]"}}, {"model": "admin.logentry", "pk": 11, "fields": {"action_time": "2024-07-01T03:16:26.417Z", "user": 1, "content_type": 8, "object_id": "5", "object_repr": "johan.molina@ucr.ac.cr", "action_flag": 2, "change_message": "[{\"changed\": {\"fields\": [\"Password\"]}}]"}}, {"model": "admin.logentry", "pk": 12, "fields": {"action_time": "2024-07-01T03:16:33.260Z", "user": 1, "content_type": 8, "object_id": "4", "object_repr": "sofia.villalobos@ucr.ac.cr", "action_flag": 2, "change_message": "[{\"changed\": {\"fields\": [\"Password\"]}}]"}}, {"model": "admin.logentry", "pk": 13, "fields": {"action_time": "2024-07-01T03:16:43.236Z", "user": 1, "content_type": 8, "object_id": "3", "object_repr": "maria.salas@ucr.ac.cr", "action_flag": 2, "change_message": "[{\"changed\": {\"fields\": [\"Password\"]}}]"}}, {"model": "admin.logentry", "pk": 14, "fields": {"action_time": "2024-07-01T03:17:54.656Z", "user": 1, "content_type": 8, "object_id": "8", "object_repr": "henry.alvarado@ucr.ac.cr", "action_flag": 1, "change_message": "[{\"added\": {}}]"}}, {"model": "admin.logentry", "pk": 15, "fields": {"action_time": "2024-07-01T03:18:45.921Z", "user": 1, "content_type": 8, "object_id": "9", "object_repr": "emma.montes@ucr.ac.cr", "action_flag": 1, "change_message": "[{\"added\": {}}]"}}, {"model": "admin.logentry", "pk": 16, "fields": {"action_time": "2024-07-01T03:19:57.536Z", "user": 1, "content_type": 8, "object_id": "10", "object_repr": "jorge.loria@ucr.ac.cr", "action_flag": 1, "change_message": "[{\"added\": {}}]"}}, {"model": "admin.logentry", "pk": 17, "fields": {"action_time": "2024-07-01T03:21:38.818Z", "user": 1, "content_type": 8, "object_id": "11", "object_repr": "isabel.gomez@ucr.ac.cr", "action_flag": 1, "change_message": "[{\"added\": {}}]"}}, {"model": "admin.logentry", "pk": 18, "fields": {"action_time": "2024-07-01T03:23:00.582Z", "user": 1, "content_type": 8, "object_id": "12", "object_repr": "javier.granados@ucr.ac.cr", "action_flag": 1, "change_message": "[{\"added\": {}}]"}}, {"model": "admin.logentry", "pk": 19, "fields": {"action_time": "2024-07-01T03:24:01.089Z", "user": 1, "content_type": 8, "object_id": "13", "object_repr": "carolina.hernandez@ucr.ac.cr", "action_flag": 1, "change_message": "[{\"added\": {}}]"}}, {"model": "admin.logentry", "pk": 20, "fields": {"action_time": "2024-07-01T03:26:51.795Z", "user": 1, "content_type": 8, "object_id": "14", "object_repr": "fausto.calderon@ucr.ac.cr", "action_flag": 1, "change_message": "[{\"added\": {}}]"}}, {"model": "admin.logentry", "pk": 21, "fields": {"action_time": "2024-07-01T03:28:07.933Z", "user": 1, "content_type": 8, "object_id": "15", "object_repr": "erick.carvajal@ucr.ac.cr", "action_flag": 1, "change_message": "[{\"added\": {}}]"}}, {"model": "admin.logentry", "pk": 22, "fields": {"action_time": "2024-07-01T03:29:12.688Z", "user": 1, "content_type": 8, "object_id": "16", "object_repr": "diego.dumani@ucr.ac.cr", "action_flag": 1, "change_message": "[{\"added\": {}}]"}}, {"model": "auth.permission", "pk": 1, "fields": {"name": "Can add log entry", "content_type": 1, "codename": "add_logentry"}}, {"model": "auth.permission", "pk": 2, "fields": {"name": "Can change log entry", "content_type": 1, "codename": "change_logentry"}}, {"model": "auth.permission", "pk": 3, "fields": {"name": "Can delete log entry", "content_type": 1, "codename": "delete_logentry"}}, {"model": "auth.permission", "pk": 4, "fields": {"name": "Can view log entry", "content_type": 1, "codename": "view_logentry"}}, {"model": "auth.permission", "pk": 5, "fields": {"name": "Can add permission", "content_type": 2, "codename": "add_permission"}}, {"model": "auth.permission", "pk": 6, "fields": {"name": "Can change permission", "content_type": 2, "codename": "change_permission"}}, {"model": "auth.permission", "pk": 7, "fields": {"name": "Can delete permission", "content_type": 2, "codename": "delete_permission"}}, {"model": "auth.permission", "pk": 8, "fields": {"name": "Can view permission", "content_type": 2, "codename": "view_permission"}}, {"model": "auth.permission", "pk": 9, "fields": {"name": "Can add group", "content_type": 3, "codename": "add_group"}}, {"model": "auth.permission", "pk": 10, "fields": {"name": "Can change group", "content_type": 3, "codename": "change_group"}}, {"model": "auth.permission", "pk": 11, "fields": {"name": "Can delete group", "content_type": 3, "codename": "delete_group"}}, {"model": "auth.permission", "pk": 12, "fields": {"name": "Can view group", "content_type": 3, "codename": "view_group"}}, {"model": "auth.permission", "pk": 13, "fields": {"name": "Can add content type", "content_type": 4, "codename": "add_contenttype"}}, {"model": "auth.permission", "pk": 14, "fields": {"name": "Can change content type", "content_type": 4, "codename": "change_contenttype"}}, {"model": "auth.permission", "pk": 15, "fields": {"name": "Can delete content type", "content_type": 4, "codename": "delete_contenttype"}}, {"model": "auth.permission", "pk": 16, "fields": {"name": "Can view content type", "content_type": 4, "codename": "view_contenttype"}}, {"model": "auth.permission", "pk": 17, "fields": {"name": "Can add session", "content_type": 5, "codename": "add_session"}}, {"model": "auth.permission", "pk": 18, "fields": {"name": "Can change session", "content_type": 5, "codename": "change_session"}}, {"model": "auth.permission", "pk": 19, "fields": {"name": "Can delete session", "content_type": 5, "codename": "delete_session"}}, {"model": "auth.permission", "pk": 20, "fields": {"name": "Can view session", "content_type": 5, "codename": "view_session"}}, {"model": "auth.permission", "pk": 21, "fields": {"name": "Can add class", "content_type": 6, "codename": "add_class"}}, {"model": "auth.permission", "pk": 22, "fields": {"name": "Can change class", "content_type": 6, "codename": "change_class"}}, {"model": "auth.permission", "pk": 23, "fields": {"name": "Can delete class", "content_type": 6, "codename": "delete_class"}}, {"model": "auth.permission", "pk": 24, "fields": {"name": "Can view class", "content_type": 6, "codename": "view_class"}}, {"model": "auth.permission", "pk": 25, "fields": {"name": "Can add item", "content_type": 7, "codename": "add_item"}}, {"model": "auth.permission", "pk": 26, "fields": {"name": "Can change item", "content_type": 7, "codename": "change_item"}}, {"model": "auth.permission", "pk": 27, "fields": {"name": "Can delete item", "content_type": 7, "codename": "delete_item"}}, {"model": "auth.permission", "pk": 28, "fields": {"name": "Can view item", "content_type": 7, "codename": "view_item"}}, {"model": "auth.permission", "pk": 29, "fields": {"name": "Can add user", "content_type": 8, "codename": "add_users"}}, {"model": "auth.permission", "pk": 30, "fields": {"name": "Can change user", "content_type": 8, "codename": "change_users"}}, {"model": "auth.permission", "pk": 31, "fields": {"name": "Can delete user", "content_type": 8, "codename": "delete_users"}}, {"model": "auth.permission", "pk": 32, "fields": {"name": "Can view user", "content_type": 8, "codename": "view_users"}}, {"model": "auth.permission", "pk": 33, "fields": {"name": "Can add class groups", "content_type": 9, "codename": "add_classgroups"}}, {"model": "auth.permission", "pk": 34, "fields": {"name": "Can change class groups", "content_type": 9, "codename": "change_classgroups"}}, {"model": "auth.permission", "pk": 35, "fields": {"name": "Can delete class groups", "content_type": 9, "codename": "delete_classgroups"}}, {"model": "auth.permission", "pk": 36, "fields": {"name": "Can view class groups", "content_type": 9, "codename": "view_classgroups"}}, {"model": "auth.permission", "pk": 37, "fields": {"name": "Can add order", "content_type": 10, "codename": "add_order"}}, {"model": "auth.permission", "pk": 38, "fields": {"name": "Can change order", "content_type": 10, "codename": "change_order"}}, {"model": "auth.permission", "pk": 39, "fields": {"name": "Can delete order", "content_type": 10, "codename": "delete_order"}}, {"model": "auth.permission", "pk": 40, "fields": {"name": "Can view order", "content_type": 10, "codename": "view_order"}}, {"model": "auth.permission", "pk": 41, "fields": {"name": "Can add item order", "content_type": 11, "codename": "add_itemorder"}}, {"model": "auth.permission", "pk": 42, "fields": {"name": "Can change item order", "content_type": 11, "codename": "change_itemorder"}}, {"model": "auth.permission", "pk": 43, "fields": {"name": "Can delete item order", "content_type": 11, "codename": "delete_itemorder"}}, {"model": "auth.permission", "pk": 44, "fields": {"name": "Can view item order", "content_type": 11, "codename": "view_itemorder"}}, {"model": "auth.permission", "pk": 45, "fields": {"name": "Can add student groups", "content_type": 12, "codename": "add_studentgroups"}}, {"model": "auth.permission", "pk": 46, "fields": {"name": "Can change student groups", "content_type": 12, "codename": "change_studentgroups"}}, {"model": "auth.permission", "pk": 47, "fields": {"name": "Can delete student groups", "content_type": 12, "codename": "delete_studentgroups"}}, {"model": "auth.permission", "pk": 48, "fields": {"name": "Can view student groups", "content_type": 12, "codename": "view_studentgroups"}}, {"model": "auth.permission", "pk": 49, "fields": {"name": "Can add user order", "content_type": 13, "codename": "add_userorder"}}, {"model": "auth.permission", "pk": 50, "fields": {"name": "Can change user order", "content_type": 13, "codename": "change_userorder"}}, {"model": "auth.permission", "pk": 51, "fields": {"name": "Can delete user order", "content_type": 13, "codename": "delete_userorder"}}, {"model": "auth.permission", "pk": 52, "fields": {"name": "Can view user order", "content_type": 13, "codename": "view_userorder"}}, {"model": "contenttypes.contenttype", "pk": 1, "fields": {"app_label": "admin", "model": "logentry"}}, {"model": "contenttypes.contenttype", "pk": 2, "fields": {"app_label": "auth", "model": "permission"}}, {"model": "contenttypes.contenttype", "pk": 3, "fields": {"app_label": "auth", "model": "group"}}, {"model": "contenttypes.contenttype", "pk": 4, "fields": {"app_label": "contenttypes", "model": "contenttype"}}, {"model": "contenttypes.contenttype", "pk": 5, "fields": {"app_label": "sessions", "model": "session"}}, {"model": "contenttypes.contenttype", "pk": 6, "fields": {"app_label": "supply_room", "model": "class"}}, {"model": "contenttypes.contenttype", "pk": 7, "fields": {"app_label": "supply_room", "model": "item"}}, {"model": "contenttypes.contenttype", "pk": 8, "fields": {"app_label": "supply_room", "model": "users"}}, {"model": "contenttypes.contenttype", "pk": 9, "fields": {"app_label": "supply_room", "model": "classgroups"}}, {"model": "contenttypes.contenttype", "pk": 10, "fields": {"app_label": "supply_room", "model": "order"}}, {"model": "contenttypes.contenttype", "pk": 11, "fields": {"app_label": "supply_room", "model": "itemorder"}}, {"model": "contenttypes.contenttype", "pk": 12, "fields": {"app_label": "supply_room", "model": "studentgroups"}}, {"model": "contenttypes.contenttype", "pk": 13, "fields": {"app_label": "supply_room", "model": "userorder"}}, {"model": "sessions.session", "pk": "fr93yahx8wofcp5yarybgqeg2ym0fb29", "fields": {"session_data": ".eJxVjMsOwiAURP-FtSHgBS64dN9vIJeXVA1NSrsy_ruSdKG7yZwz82Ke9q36vefVz4ldmGSn3y5QfOQ2QLpTuy08Lm1b58CHwg_a-bSk_Lwe7t9BpV7HGrMRqIQsCBALmhDJahes0xAICCC7kpyO9huEBGXCWSEWY1QEKSR7fwDYKDcg:1sO9Ig:Qm4mDLjphp4HMDLC5k5d84tKi1__K5AuxxMgoUQHpLI", "expire_date": "2024-07-15T05:10:02.582Z"}}, {"model": "sessions.session", "pk": "rwk4bg7sy01ep4zp0u9ohtod137w1f3g", "fields": {"session_data": ".eJxVjMsOwiAURP-FtSHgBS64dN9vIJeXVA1NSrsy_ruSdKG7yZwz82Ke9q36vefVz4ldmGKn3y5QfOQ2QLpTuy08Lm1b58CHwg_a-bSk_Lwe7t9BpV7HGrMRqIQsCBALmhDJahes0xAICCC7kpyO9huEBGXCWSEWY1QEKSR7fwDZ8zcj:1sO8kq:mnKVQoavwAY4f5E3na8ZIK9AJWfpOAwbVW_35A1RdOs", "expire_date": "2024-07-15T04:35:04.164Z"}}, {"model": "sessions.session", "pk": "vabm6ast7xm9wh92sipn4p999saq73n1", "fields": {"session_data": ".eJxVjMsOwiAURP-FtSHgBS64dN9vIJeXVA1NSrsy_ruSdKG7yZwz82Ke9q36vefVz4ldmGSn3y5QfOQ2QLpTuy08Lm1b58CHwg_a-bSk_Lwe7t9BpV7HGrMRqIQsCBALmhDJahes0xAICCC7kpyO9huEBGXCWSEWY1QEKSR7fwDYKDcg:1sO8Pp:E4bd2_zMWWTZ3PgM_N7a3uay_QzDWH2_oanadMEUr_Q", "expire_date": "2024-07-15T04:13:21.524Z"}}, {"model": "supply_room.item", "pk": 1, "fields": {"name": "Fuente de alimentaci├│n"}}, {"model": "supply_room.item", "pk": 2, "fields": {"name": "Cables de conexi├│n"}}, {"model": "supply_room.item", "pk": 3, "fields": {"name": "M├│dulo de resistores"}}, {"model": "supply_room.item", "pk": 4, "fields": {"name": "M├│dulo de inductores"}}, {"model": "supply_room.item", "pk": 5, "fields": {"name": "M├│dulo de capacitores"}}, {"model": "supply_room.item", "pk": 6, "fields": {"name": "M├│dulo de adquisici├│n de datos"}}, {"model": "supply_room.item", "pk": 7, "fields": {"name": "Amper├¡metro de gancho"}}, {"model": "supply_room.item", "pk": 8, "fields": {"name": "Banda"}}, {"model": "supply_room.item", "pk": 9, "fields": {"name": "Cables de baja potencia"}}, {"model": "supply_room.item", "pk": 10, "fields": {"name": "Electrodinam├│metro"}}, {"model": "supply_room.item", "pk": 11, "fields": {"name": "M├íquina de inducci├│n trif├ísica jaula de ardilla"}}, {"model": "supply_room.item", "pk": 12, "fields": {"name": "Tac├│metro de mano"}}, {"model": "supply_room.item", "pk": 13, "fields": {"name": "Resistencia 100╬⌐"}}, {"model": "supply_room.item", "pk": 14, "fields": {"name": "Resistencia 1k╬⌐"}}, {"model": "supply_room.item", "pk": 15, "fields": {"name": "Resistencia 20k╬⌐"}}, {"model": "supply_room.item", "pk": 16, "fields": {"name": "Mult├¡metro"}}, {"model": "supply_room.item", "pk": 17, "fields": {"name": "Cables tipo jumper"}}, {"model": "supply_room.item", "pk": 18, "fields": {"name": "Protoboard"}}, {"model": "supply_room.item", "pk": 19, "fields": {"name": "Resistencia 10k╬⌐"}}, {"model": "supply_room.item", "pk": 20, "fields": {"name": "Resistencia 3.3k╬⌐"}}, {"model": "supply_room.item", "pk": 21, "fields": {"name": "Cables tipo lagarto"}}, {"model": "supply_room.item", "pk": 22, "fields": {"name": "Cables tipo lagarto"}}, {"model": "supply_room.item", "pk": 23, "fields": {"name": "Capacitor"}}, {"model": "supply_room.users", "pk": 1, "fields": {"password": "pbkdf2_sha256$720000$lCp1psWkXzJupQWvnZvuzX$Wvw/CRbWlg6Db/S+nxeimvAHyMV0AMOdUkSunKK+6Jo=", "last_login": "2024-07-01T05:10:02.578Z", "is_superuser": true, "first_name": "", "last_name": "", "is_staff": true, "is_active": true, "date_joined": "2024-07-01T03:02:26Z", "name": "Jos├⌐ Barquero", "email": "jose.barquero@ucr.ac.cr", "role": "admin", "student_id": null, "username": "jose.barquero", "user_permissions": [], "groups": [], "orders": []}}, {"model": "supply_room.users", "pk": 2, "fields": {"password": "pbkdf2_sha256$720000$lCp1psWkXzJupQWvnZvuzX$Wvw/CRbWlg6Db/S+nxeimvAHyMV0AMOdUkSunKK+6Jo=", "last_login": "2024-07-01T05:05:50.845Z", "is_superuser": false, "first_name": "Christabel", "last_name": "Alvarado Anchia", "is_staff": false, "is_active": true, "date_joined": "2024-07-01T03:03:43Z", "name": "Christabel Alvarado Anchia", "email": "christabel.anchia@ucr.ac.cr", "role": "student", "student_id": "B80286", "username": "christabel.anchia", "user_permissions": [], "groups": [1, 3], "orders": [1, 2, 3, 4, 8]}}, {"model": "supply_room.users", "pk": 3, "fields": {"password": "pbkdf2_sha256$720000$lCp1psWkXzJupQWvnZvuzX$Wvw/CRbWlg6Db/S+nxeimvAHyMV0AMOdUkSunKK+6Jo=", "last_login": null, "is_superuser": false, "first_name": "Mar├¡a", "last_name": "Salas", "is_staff": false, "is_active": true, "date_joined": "2024-07-01T03:05:22Z", "name": "Mar├¡a Salas", "email": "maria.salas@ucr.ac.cr", "role": "student", "student_id": "C01234", "username": "maria.salas", "user_permissions": [], "groups": [1, 3], "orders": [1, 2, 3, 8]}}, {"model": "supply_room.users", "pk": 4, "fields": {"password": "pbkdf2_sha256$720000$xJ76xfzd4dpfiAuU31cd4l$wROM/mhx8zWeOHKBcGd7w+WAKU/vlpsB/QYUSEVgbEg=", "last_login": "2024-07-01T04:53:11.750Z", "is_superuser": false, "first_name": "Sof├¡a", "last_name": "Villalobos Brenes", "is_staff": false, "is_active": true, "date_joined": "2024-07-01T03:06:31Z", "name": "Sof├¡a Villalobos Brenes", "email": "sofia.villalobos@ucr.ac.cr", "role": "teacher", "student_id": null, "username": "sofia.villalobos", "user_permissions": [], "groups": [], "orders": []}}, {"model": "supply_room.users", "pk": 5, "fields": {"password": "pbkdf2_sha256$720000$lCp1psWkXzJupQWvnZvuzX$Wvw/CRbWlg6Db/S+nxeimvAHyMV0AMOdUkSunKK+6Jo=", "last_login": "2024-07-01T03:50:00.179Z", "is_superuser": false, "first_name": "Johan", "last_name": "Molina", "is_staff": false, "is_active": true, "date_joined": "2024-07-01T03:08:10Z", "name": "Johan Molina", "email": "johan.molina@ucr.ac.cr", "role": "admin", "student_id": null, "username": "johan.molina", "user_permissions": [], "groups": [], "orders": []}}, {"model": "supply_room.users", "pk": 6, "fields": {"password": "pbkdf2_sha256$720000$lCp1psWkXzJupQWvnZvuzX$Wvw/CRbWlg6Db/S+nxeimvAHyMV0AMOdUkSunKK+6Jo=", "last_login": null, "is_superuser": false, "first_name": "Juan", "last_name": "Mora", "is_staff": false, "is_active": true, "date_joined": "2024-07-01T03:09:34Z", "name": "Juan Mora", "email": "juan.mora@ucr.ac.cr", "role": "student", "student_id": "B71234", "username": "juan.mora", "user_permissions": [], "groups": [1], "orders": [1]}}, {"model": "supply_room.users", "pk": 7, "fields": {"password": "pbkdf2_sha256$720000$lCp1psWkXzJupQWvnZvuzX$Wvw/CRbWlg6Db/S+nxeimvAHyMV0AMOdUkSunKK+6Jo=", "last_login": null, "is_superuser": true, "first_name": "Marco", "last_name": "Villata", "is_staff": false, "is_active": true, "date_joined": "2024-07-01T03:10:20Z", "name": "Marco Villalta", "email": "marco.villalta@ucr.ac.cr", "role": "teacher", "student_id": null, "username": "marco.villalta", "user_permissions": [], "groups": [], "orders": []}}, {"model": "supply_room.users", "pk": 8, "fields": {"password": "pbkdf2_sha256$720000$lCp1psWkXzJupQWvnZvuzX$Wvw/CRbWlg6Db/S+nxeimvAHyMV0AMOdUkSunKK+6Jo=", "last_login": null, "is_superuser": false, "first_name": "Henry", "last_name": "Alvarado", "is_staff": false, "is_active": true, "date_joined": "2024-07-01T03:17:03Z", "name": "Henry Alvarado", "email": "henry.alvarado@ucr.ac.cr", "role": "student", "student_id": "B912324", "username": "henry.alvarado", "user_permissions": [], "groups": [], "orders": []}}, {"model": "supply_room.users", "pk": 9, "fields": {"password": "pbkdf2_sha256$720000$lCp1psWkXzJupQWvnZvuzX$Wvw/CRbWlg6Db/S+nxeimvAHyMV0AMOdUkSunKK+6Jo=", "last_login": null, "is_superuser": false, "first_name": "Emma", "last_name": "Montes", "is_staff": false, "is_active": true, "date_joined": "2024-07-01T03:17:54Z", "name": "Emma Montes", "email": "emma.montes@ucr.ac.cr", "role": "student", "student_id": "C11234", "username": "emma.montes", "user_permissions": [], "groups": [4], "orders": []}}, {"model": "supply_room.users", "pk": 10, "fields": {"password": "pbkdf2_sha256$720000$lCp1psWkXzJupQWvnZvuzX$Wvw/CRbWlg6Db/S+nxeimvAHyMV0AMOdUkSunKK+6Jo=", "last_login": null, "is_superuser": false, "first_name": "Jorge", "last_name": "Lor├¡a", "is_staff": false, "is_active": true, "date_joined": "2024-07-01T03:18:46Z", "name": "Jorge Lor├¡a", "email": "jorge.loria@ucr.ac.cr", "role": "student", "student_id": "B81234", "username": "jorge.loria", "user_permissions": [], "groups": [], "orders": []}}, {"model": "supply_room.users", "pk": 11, "fields": {"password": "pbkdf2_sha256$720000$lCp1psWkXzJupQWvnZvuzX$Wvw/CRbWlg6Db/S+nxeimvAHyMV0AMOdUkSunKK+6Jo=", "last_login": null, "is_superuser": false, "first_name": "Isabel", "last_name": "G├│mez", "is_staff": false, "is_active": true, "date_joined": "2024-07-01T03:19:57Z", "name": "Isabel G├│mez", "email": "isabel.gomez@ucr.ac.cr", "role": "student", "student_id": "B62345", "username": "isabel.gomez", "user_permissions": [], "groups": [2], "orders": []}}, {"model": "supply_room.users", "pk": 12, "fields": {"password": "pbkdf2_sha256$720000$lCp1psWkXzJupQWvnZvuzX$Wvw/CRbWlg6Db/S+nxeimvAHyMV0AMOdUkSunKK+6Jo=", "last_login": null, "is_superuser": false, "first_name": "Javier", "last_name": "Granados", "is_staff": false, "is_active": true, "date_joined": "2024-07-01T03:21:38Z", "name": "Javier Granados", "email": "javier.granados@ucr.ac.cr", "role": "student", "student_id": "C41234", "username": "javier.granados", "user_permissions": [], "groups": [2, 4], "orders": []}}, {"model": "supply_room.users", "pk": 13, "fields": {"password": "pbkdf2_sha256$720000$lCp1psWkXzJupQWvnZvuzX$Wvw/CRbWlg6Db/S+nxeimvAHyMV0AMOdUkSunKK+6Jo=", "last_login": null, "is_superuser": false, "first_name": "Carolina", "last_name": "Hernandez", "is_staff": false, "is_active": true, "date_joined": "2024-07-01T03:23:00Z", "name": "Carolina Hernandez", "email": "carolina.hernandez@ucr.ac.cr", "role": "student", "student_id": "C31234", "username": "carolina.hernandez", "user_permissions": [], "groups": [2, 3, 4], "orders": [3, 4, 8]}}, {"model": "supply_room.users", "pk": 14, "fields": {"password": "pbkdf2_sha256$720000$lCp1psWkXzJupQWvnZvuzX$Wvw/CRbWlg6Db/S+nxeimvAHyMV0AMOdUkSunKK+6Jo=", "last_login": null, "is_superuser": false, "first_name": "Fausto", "last_name": "Calder├│n", "is_staff": false, "is_active": true, "date_joined": "2024-07-01T03:24:01Z", "name": "Fausto Calder├│n", "email": "fausto.calderon@ucr.ac.cr", "role": "teacher", "student_id": null, "username": "fausto.calderon", "user_permissions": [], "groups": [], "orders": []}}, {"model": "supply_room.users", "pk": 15, "fields": {"password": "pbkdf2_sha256$720000$lCp1psWkXzJupQWvnZvuzX$Wvw/CRbWlg6Db/S+nxeimvAHyMV0AMOdUkSunKK+6Jo=", "last_login": null, "is_superuser": false, "first_name": "Erick", "last_name": "Carvajal", "is_staff": false, "is_active": true, "date_joined": "2024-07-01T03:26:51Z", "name": "Erick Carvajal", "email": "erick.carvajal@ucr.ac.cr", "role": "teacher", "student_id": null, "username": "erick.carvajal", "user_permissions": [], "groups": [], "orders": []}}, {"model": "supply_room.users", "pk": 16, "fields": {"password": "pbkdf2_sha256$720000$lCp1psWkXzJupQWvnZvuzX$Wvw/CRbWlg6Db/S+nxeimvAHyMV0AMOdUkSunKK+6Jo=", "last_login": "2024-07-01T04:16:54.025Z", "is_superuser": false, "first_name": "Diego", "last_name": "Dumani", "is_staff": false, "is_active": true, "date_joined": "2024-07-01T03:28:08Z", "name": "Diego", "email": "diego.dumani@ucr.ac.cr", "role": "teacher", "student_id": null, "username": "diego.dumani", "user_permissions": [], "groups": [], "orders": []}}, {"model": "supply_room.class", "pk": 1, "fields": {"name": "Programaci├│n Bajo Plataformas Abiertas", "code": "IE0117"}}, {"model": "supply_room.class", "pk": 2, "fields": {"name": "Labratorio de Sistemas Incrustados", "code": "IE0301"}}, {"model": "supply_room.class", "pk": 3, "fields": {"name": "Laboratorio de Electrotecnia", "code": "IE0303l"}}, {"model": "supply_room.class", "pk": 4, "fields": {"name": "Laboratorio de Electr├│nica I", "code": "IE0308"}}, {"model": "supply_room.class", "pk": 5, "fields": {"name": "Laboratorio de M├íquinas El├⌐ctricas I", "code": "IE0316"}}, {"model": "supply_room.class", "pk": 6, "fields": {"name": "Laboratorio de Electr├│nica II", "code": "IE0408"}}, {"model": "supply_room.class", "pk": 7, "fields": {"name": "Laboratorio de Circuitos Digitales", "code": "IE0424"}}, {"model": "supply_room.class", "pk": 8, "fields": {"name": "Laboratorio de Control Autom├ítico", "code": "IE0432"}}, {"model": "supply_room.class", "pk": 9, "fields": {"name": "Laboratorio de Transmisi├│n de Datos", "code": "IE0528"}}, {"model": "supply_room.class", "pk": 10, "fields": {"name": "Laboratorio de Telecomunicaciones", "code": "IE0530"}}, {"model": "supply_room.class", "pk": 11, "fields": {"name": "Laboratorio de M├íquinas El├⌐ctricas II", "code": "IE0616"}}, {"model": "supply_room.class", "pk": 12, "fields": {"name": "Laboratorio de Microcontroladores", "code": "IE0624"}}, {"model": "supply_room.class", "pk": 13, "fields": {"name": "Laboratorio de Microondas", "code": "IE0628"}}, {"model": "supply_room.class", "pk": 14, "fields": {"name": "Laboratorio de Programaci├│n y Microcomputadores", "code": "IE0724"}}, {"model": "supply_room.class", "pk": 15, "fields": {"name": "Test", "code": "IE0000"}}, {"model": "supply_room.classgroups", "pk": 1, "fields": {"number": 1, "year": 2024, "term": "I", "professor": 4, "class_id": 7, "student": [2, 3, 6]}}, {"model": "supply_room.classgroups", "pk": 2, "fields": {"number": 2, "year": 2024, "term": "I", "professor": 16, "class_id": 7, "student": [11, 12, 13]}}, {"model": "supply_room.classgroups", "pk": 3, "fields": {"number": 1, "year": 2024, "term": "II", "professor": 7, "class_id": 8, "student": [2, 3, 13]}}, {"model": "supply_room.classgroups", "pk": 4, "fields": {"number": 1, "year": 2024, "term": "III", "professor": 15, "class_id": 8, "student": [9, 12, 13]}}, {"model": "supply_room.order", "pk": 1, "fields": {"group": 1, "student": [3, 6, 2]}}, {"model": "supply_room.order", "pk": 2, "fields": {"group": 1, "student": [3, 2]}}, {"model": "supply_room.order", "pk": 3, "fields": {"group": 3, "student": [3, 13, 2]}}, {"model": "supply_room.order", "pk": 4, "fields": {"group": 3, "student": [13, 2]}}, {"model": "supply_room.order", "pk": 5, "fields": {"group": 2, "student": []}}, {"model": "supply_room.order", "pk": 6, "fields": {"group": 1, "student": []}}, {"model": "supply_room.order", "pk": 7, "fields": {"group": 1, "student": []}}, {"model": "supply_room.order", "pk": 8, "fields": {"group": 3, "student": [3, 13, 2]}}, {"model": "supply_room.itemorder", "pk": 1, "fields": {"status": "Devuelto", "quantity": 1, "code": "", "order": 2, "item": 1}}, {"model": "supply_room.itemorder", "pk": 2, "fields": {"status": "Devuelto", "quantity": 29, "code": "", "order": 2, "item": 2}}, {"model": "supply_room.itemorder", "pk": 3, "fields": {"status": "Devuelto", "quantity": 1, "code": "", "order": 2, "item": 3}}, {"model": "supply_room.itemorder", "pk": 4, "fields": {"status": "Denegado", "quantity": 1, "code": "", "order": 2, "item": 4}}, {"model": "supply_room.itemorder", "pk": 5, "fields": {"status": "Denegado", "quantity": 1, "code": "", "order": 2, "item": 1}}, {"model": "supply_room.itemorder", "pk": 6, "fields": {"status": "Devuelto", "quantity": 1, "code": "", "order": 3, "item": 8}}, {"model": "supply_room.itemorder", "pk": 7, "fields": {"status": "Denegado", "quantity": 4, "code": "", "order": 3, "item": 15}}, {"model": "supply_room.itemorder", "pk": 8, "fields": {"status": "Devuelto", "quantity": 5, "code": "", "order": 3, "item": 13}}, {"model": "supply_room.itemorder", "pk": 9, "fields": {"status": "Denegado", "quantity": 1, "code": "", "order": 1, "item": 1}}, {"model": "supply_room.itemorder", "pk": 10, "fields": {"status": "Denegado", "quantity": 1, "code": "", "order": 1, "item": 5}}, {"model": "supply_room.itemorder", "pk": 11, "fields": {"status": "Denegado", "quantity": 1, "code": "", "order": 1, "item": 10}}, {"model": "supply_room.itemorder", "pk": 12, "fields": {"status": "Prestado", "quantity": 1, "code": "", "order": 4, "item": 1}}, {"model": "supply_room.itemorder", "pk": 13, "fields": {"status": "Denegado", "quantity": 1, "code": "", "order": 4, "item": 3}}, {"model": "supply_room.itemorder", "pk": 14, "fields": {"status": "Solicitado", "quantity": 20, "code": "", "order": 5, "item": 2}}, {"model": "supply_room.itemorder", "pk": 15, "fields": {"status": "Solicitado", "quantity": 1, "code": "", "order": 5, "item": 1}}, {"model": "supply_room.itemorder", "pk": 16, "fields": {"status": "Solicitado", "quantity": 1, "code": "", "order": 6, "item": 4}}, {"model": "supply_room.itemorder", "pk": 17, "fields": {"status": "Solicitado", "quantity": 3, "code": "123456", "order": 6, "item": 1}}, {"model": "supply_room.itemorder", "pk": 18, "fields": {"status": "Solicitado", "quantity": 1, "code": "", "order": 7, "item": 2}}, {"model": "supply_room.itemorder", "pk": 19, "fields": {"status": "Solicitado", "quantity": 1, "code": "", "order": 8, "item": 1}}, {"model": "supply_room.itemorder", "pk": 20, "fields": {"status": "Solicitado", "quantity": 2, "code": "", "order": 2, "item": 2}}, {"model": "supply_room.itemorder", "pk": 21, "fields": {"status": "Solicitado", "quantity": 3, "code": "", "order": 2, "item": 14}}]
